pair,n,mean,std,p5,p50,p95
SHAP_vs_LIME,5000,0.5792566666666666,0.20558316162673548,0.19999999999999998,0.6,0.8666666666666667
SHAP_vs_IEI,5000,0.7737545554627645,0.13618347836541903,0.5333333333333333,0.7999999999999999,0.9500000000000001
LIME_vs_IEI,5000,0.5724114356480907,0.2557786619544076,0.06666666666666667,0.65,0.8666666666666667
